,PSNR,SSIM
0,28.2031950288161,0.8829704368114472
