,PSNR,SSIM
0,26.268932832180454,0.8680009734630585
